<?xml version="1.0" encoding="UTF-8"?>
<project-private xmlns="http://www.netbeans.org/ns/project-private/1">
    <editor-bookmarks xmlns="http://www.netbeans.org/ns/editor-bookmarks/2" lastBookmarkId="0"/>
    <open-files xmlns="http://www.netbeans.org/ns/projectui-open-files/2">
        <group>
            <file>file:/C:/Users/Admin/Desktop/Java%20Nacho/Extra%202%20NIF/src/Servicio/DNIServicio.java</file>
            <file>file:/C:/Users/Admin/Desktop/Java%20Nacho/Extra%202%20NIF/src/extra/pkg2/nif/Extra2NIF.java</file>
            <file>file:/C:/Users/Admin/Desktop/Java%20Nacho/Extra%202%20NIF/src/Entidad/DNI.java</file>
        </group>
    </open-files>
</project-private>
